Client Name,Client Identifier,Scheme Category/Section Name,Scheme Category/Section Name Identifier,Unique Member Reference,Unique ID,Status of Member,Status of Registration,Gender,Short Post Code of Member,Contract Start Date,Contract End Date,Original Date of Joining,Scheme Policy Joining Date,Registration Status,Lapse Date,Count
Client_002 Ltd,CL-002,Family,SC-320,MBR-08366,UID-00008366,Lapsed,Cancelled,F,M7 8JQ,2022-08-29,2023-12-21,2016-09-03,2019-07-23,Cancelled,2023-12-21,1
Client_002 Ltd,CL-002,Individual,SC-660,MBR-08200,UID-00008200,Lapsed,Cancelled,M,M18 1RW,2019-05-28,2023-03-31,2008-09-11,2013-05-19,Cancelled,2023-03-31,1
Client_002 Ltd,CL-002,SME,SC-245,MBR-06474,UID-00006474,Lapsed,Cancelled,F,WC18L 1HB,2022-08-14,2025-10-30,2017-07-26,2018-07-30,Cancelled,2025-10-30,1
Client_003 Ltd,CL-003,Corporate,SC-730,MBR-07979,UID-00007979,Lapsed,Cancelled,F,NW7 2SV,2021-09-23,2025-10-30,2013-03-16,2017-12-21,Cancelled,2025-10-30,1
Client_004 Ltd,CL-004,Corporate,SC-454,MBR-04384,UID-00004384,Lapsed,Cancelled,F,L9 3MW,2023-03-14,2025-10-30,2021-10-18,2022-09-09,Cancelled,2025-10-30,1
Client_005 Ltd,CL-005,Family,SC-588,MBR-04438,UID-00004438,Lapsed,Cancelled,F,EC12 5BA,2020-05-08,2022-08-31,2016-06-23,2020-02-01,Cancelled,2022-08-31,1
Client_005 Ltd,CL-005,Family,SC-730,MBR-00554,UID-00000554,Lapsed,Cancelled,F,M13H 9HU,2015-07-31,2022-10-17,2009-07-06,2010-02-07,Cancelled,2022-10-17,1
Client_006 Ltd,CL-006,Corporate,SC-777,MBR-08151,UID-00008151,Lapsed,Cancelled,F,B20 7ZL,2021-05-12,2023-11-06,2016-09-24,2017-01-24,Cancelled,2023-11-06,1
Client_007 Ltd,CL-007,Corporate,SC-330,MBR-05654,UID-00005654,Lapsed,Cancelled,M,W10 7CC,2015-05-31,2020-12-31,2012-04-18,2013-04-29,Cancelled,2020-12-31,1
Client_007 Ltd,CL-007,Corporate,SC-731,MBR-02410,UID-00002410,Lapsed,Cancelled,M,E11 5FL,2021-12-18,2025-10-30,2017-12-31,2020-05-29,Cancelled,2025-10-30,1
Client_007 Ltd,CL-007,Corporate,SC-747,MBR-09300,UID-00009300,Lapsed,Cancelled,M,BS5X 4KJ,2021-07-09,2025-10-30,2017-01-30,2018-11-20,Cancelled,2025-10-30,1
Client_008 Ltd,CL-008,Family,SC-524,MBR-00779,UID-00000779,Lapsed,Cancelled,F,B19 7XE,2018-01-18,2025-10-23,2008-06-07,2010-05-18,Cancelled,2025-10-23,1
Client_008 Ltd,CL-008,Family,SC-886,MBR-09138,UID-00009138,Lapsed,Cancelled,M,W14 2CP,2021-07-08,2023-07-29,2016-12-25,2017-11-22,Cancelled,2023-07-29,1
Client_008 Ltd,CL-008,Individual,SC-172,MBR-07802,UID-00007802,Lapsed,Cancelled,M,BS20Q 8BK,2016-06-22,2021-05-27,2008-07-26,2010-04-02,Cancelled,2021-05-27,1
Client_008 Ltd,CL-008,Individual,SC-444,MBR-02911,UID-00002911,Lapsed,Cancelled,M,SW18 7UD,2017-05-15,2023-09-17,2016-04-30,2017-01-04,Cancelled,2023-09-17,1
Client_008 Ltd,CL-008,Individual,SC-937,MBR-06188,UID-00006188,Lapsed,Cancelled,M,SW6X 2PK,2024-08-11,2025-10-30,2011-08-13,2016-03-21,Cancelled,2025-10-30,1
Client_008 Ltd,CL-008,SME,SC-982,MBR-08955,UID-00008955,Lapsed,Cancelled,M,E11 8AJ,2022-01-20,2025-10-30,2020-12-29,2022-01-02,Cancelled,2025-10-30,1
Client_009 Ltd,CL-009,Family,SC-953,MBR-05470,UID-00005470,Lapsed,Cancelled,M,SW19 1UN,2024-08-31,2025-10-30,2015-12-16,2020-08-30,Cancelled,2025-10-30,1
Client_010 Ltd,CL-010,Corporate,SC-963,MBR-04690,UID-00004690,Lapsed,Cancelled,F,W6 4IZ,2020-03-03,2024-05-15,2018-10-26,2018-11-24,Cancelled,2024-05-15,1
Client_010 Ltd,CL-010,Individual,SC-797,MBR-02735,UID-00002735,Lapsed,Cancelled,F,L6 4AV,2015-07-19,2023-04-14,2010-04-14,2013-03-11,Cancelled,2023-04-14,1
Client_010 Ltd,CL-010,Individual,SC-918,MBR-01332,UID-00001332,Lapsed,Cancelled,F,W4 2RB,2017-09-20,2019-08-05,2015-06-04,2016-11-02,Cancelled,2019-08-05,1
Client_011 Ltd,CL-011,Corporate,SC-474,MBR-00853,UID-00000853,Lapsed,Cancelled,M,BT8 1GO,2024-04-22,2025-10-30,2013-09-22,2014-04-19,Cancelled,2025-10-30,1
Client_011 Ltd,CL-011,Corporate,SC-496,MBR-07976,UID-00007976,Lapsed,Cancelled,M,G14 6TO,2021-02-23,2025-10-30,2009-03-05,2015-12-21,Cancelled,2025-10-30,1
Client_011 Ltd,CL-011,Corporate,SC-754,MBR-06298,UID-00006298,Lapsed,Cancelled,M,WC8R 1WJ,2018-04-08,2025-10-30,2007-08-25,2015-01-14,Cancelled,2025-10-30,1
Client_011 Ltd,CL-011,Family,SC-555,MBR-05824,UID-00005824,Lapsed,Cancelled,F,SW17L 2WR,2016-03-25,2019-08-10,2005-07-06,2006-07-13,Cancelled,2019-08-10,1
Client_011 Ltd,CL-011,Family,SC-567,MBR-07150,UID-00007150,Lapsed,Cancelled,F,SW4 6XV,2024-11-04,2025-10-30,2011-11-21,2022-10-05,Cancelled,2025-10-30,1
Client_011 Ltd,CL-011,SME,SC-716,MBR-01303,UID-00001303,Lapsed,Cancelled,M,BT6 7BC,2021-12-20,2025-10-30,2015-10-03,2016-06-03,Cancelled,2025-10-30,1
Client_012 Ltd,CL-012,Corporate,SC-223,MBR-02356,UID-00002356,Lapsed,Cancelled,M,WC15B 8TO,2016-04-21,2022-12-22,2012-01-21,2013-12-05,Cancelled,2022-12-22,1
Client_012 Ltd,CL-012,Corporate,SC-249,MBR-03893,UID-00003893,Lapsed,Cancelled,F,G6 7SA,2021-11-07,2025-10-30,2007-06-05,2019-08-30,Cancelled,2025-10-30,1
Client_012 Ltd,CL-012,Individual,SC-429,MBR-01249,UID-00001249,Lapsed,Cancelled,F,M3 8PX,2023-01-19,2024-09-04,2010-05-27,2015-11-30,Cancelled,2024-09-04,1
Client_013 Ltd,CL-013,Corporate,SC-707,MBR-00846,UID-00000846,Lapsed,Cancelled,M,EH7 3BR,2017-02-04,2023-11-19,2009-05-10,2009-11-20,Cancelled,2023-11-19,1
Client_013 Ltd,CL-013,Corporate,SC-954,MBR-08604,UID-00008604,Lapsed,Cancelled,M,BT16 4DG,2020-03-09,2025-10-30,2014-10-03,2015-10-13,Cancelled,2025-10-30,1
Client_013 Ltd,CL-013,SME,SC-993,MBR-02300,UID-00002300,Lapsed,Cancelled,M,M3 7UA,2016-01-06,2020-09-26,2007-08-06,2013-12-22,Cancelled,2020-09-26,1
Client_014 Ltd,CL-014,Corporate,SC-363,MBR-02470,UID-00002470,Lapsed,Cancelled,F,EC4 2GF,2020-04-14,2024-11-09,2018-01-31,2020-01-03,Cancelled,2024-11-09,1
Client_014 Ltd,CL-014,Corporate,SC-371,MBR-09633,UID-00009633,Lapsed,Cancelled,M,WC7N 1OY,2021-05-04,2025-10-30,2011-03-03,2014-02-10,Cancelled,2025-10-30,1
Client_015 Ltd,CL-015,Family,SC-627,MBR-09656,UID-00009656,Lapsed,Cancelled,F,M15 8CR,2022-06-12,2025-10-30,2018-08-29,2019-07-01,Cancelled,2025-10-30,1
Client_015 Ltd,CL-015,Individual,SC-888,MBR-03293,UID-00003293,Lapsed,Cancelled,M,W11G 6ZU,2015-08-23,2023-11-29,2005-04-30,2007-06-18,Cancelled,2023-11-29,1
Client_015 Ltd,CL-015,Individual,SC-914,MBR-00636,UID-00000636,Lapsed,Cancelled,M,NW1 4YY,2019-12-26,2025-10-30,2007-11-01,2016-01-22,Cancelled,2025-10-30,1
Client_016 Ltd,CL-016,Family,SC-915,MBR-06582,UID-00006582,Lapsed,Cancelled,F,M17 9JN,2018-03-27,2019-03-27,2007-09-11,2011-03-30,Cancelled,2019-03-27,1
Client_017 Ltd,CL-017,Corporate,SC-276,MBR-00892,UID-00000892,Lapsed,Cancelled,F,W20 1XZ,2017-11-21,2024-09-08,2012-07-26,2016-07-13,Cancelled,2024-09-08,1
Client_017 Ltd,CL-017,Corporate,SC-601,MBR-09491,UID-00009491,Lapsed,Cancelled,M,WC4 7JC,2023-03-08,2025-10-30,2018-08-08,2022-08-27,Cancelled,2025-10-30,1
Client_017 Ltd,CL-017,Family,SC-128,MBR-08612,UID-00008612,Lapsed,Cancelled,F,CF18 3LR,2024-09-18,2025-10-30,2020-03-02,2023-06-03,Cancelled,2025-10-30,1
Client_017 Ltd,CL-017,Family,SC-761,MBR-03705,UID-00003705,Lapsed,Cancelled,F,G17J 4MJ,2023-07-01,2025-10-30,2019-09-20,2019-12-07,Cancelled,2025-10-30,1
Client_018 Ltd,CL-018,Corporate,SC-152,MBR-01212,UID-00001212,Lapsed,Cancelled,M,NW8X 5SC,2024-01-18,2025-10-30,2021-05-30,2021-07-12,Cancelled,2025-10-30,1
Client_018 Ltd,CL-018,Family,SC-869,MBR-02594,UID-00002594,Lapsed,Cancelled,F,BS1 9ZA,2024-04-28,2025-10-30,2016-09-15,2023-07-11,Cancelled,2025-10-30,1
Client_019 Ltd,CL-019,Individual,SC-229,MBR-05581,UID-00005581,Lapsed,Cancelled,M,SW18 4BC,2019-07-05,2022-07-02,2013-03-06,2013-11-16,Cancelled,2022-07-02,1
Client_020 Ltd,CL-020,Corporate,SC-977,MBR-08720,UID-00008720,Lapsed,Cancelled,M,L17 5WM,2015-01-30,2020-06-10,2002-11-16,2003-08-14,Cancelled,2020-06-10,1
Client_020 Ltd,CL-020,Family,SC-560,MBR-05784,UID-00005784,Lapsed,Cancelled,M,N9 5YH,2024-07-18,2025-10-30,2016-01-07,2017-06-08,Cancelled,2025-10-30,1
Client_021 Ltd,CL-021,Family,SC-460,MBR-09629,UID-00009629,Lapsed,Cancelled,M,BT5V 9CC,2018-06-24,2019-10-27,2009-11-12,2016-11-25,Cancelled,2019-10-27,1
Client_022 Ltd,CL-022,Corporate,SC-221,MBR-06772,UID-00006772,Lapsed,Cancelled,F,EC12 4VX,2019-10-20,2020-10-29,2013-04-14,2016-07-17,Cancelled,2020-10-29,1
Client_022 Ltd,CL-022,Individual,SC-648,MBR-09780,UID-00009780,Lapsed,Cancelled,F,EC15F 5JM,2023-01-03,2024-05-20,2019-06-07,2019-12-29,Cancelled,2024-05-20,1
Client_022 Ltd,CL-022,Individual,SC-946,MBR-08894,UID-00008894,Lapsed,Cancelled,M,CF4 1ID,2018-03-15,2024-03-07,2012-07-27,2013-09-16,Cancelled,2024-03-07,1
Client_023 Ltd,CL-023,Family,SC-188,MBR-01454,UID-00001454,Lapsed,Cancelled,F,EH16 7UZ,2018-01-28,2020-04-01,2005-07-23,2005-11-06,Cancelled,2020-04-01,1
Client_024 Ltd,CL-024,Corporate,SC-597,MBR-05386,UID-00005386,Lapsed,Cancelled,M,N11 4WF,2019-09-23,2025-10-30,2015-09-16,2016-09-19,Cancelled,2025-10-30,1
Client_025 Ltd,CL-025,Corporate,SC-156,MBR-01968,UID-00001968,Lapsed,Cancelled,M,M9J 9JK,2023-07-21,2024-09-07,2020-01-16,2022-07-02,Cancelled,2024-09-07,1
Client_025 Ltd,CL-025,Corporate,SC-834,MBR-08341,UID-00008341,Lapsed,Cancelled,F,CF17B 8QH,2017-12-28,2023-03-04,2015-11-10,2016-12-15,Cancelled,2023-03-04,1
Client_025 Ltd,CL-025,Individual,SC-452,MBR-08350,UID-00008350,Lapsed,Cancelled,F,SE2 1YU,2017-12-27,2025-10-30,2008-02-15,2013-05-12,Cancelled,2025-10-30,1
Client_026 Ltd,CL-026,Corporate,SC-590,MBR-09357,UID-00009357,Lapsed,Cancelled,F,CF15 4WT,2024-10-30,2025-10-30,2023-03-31,2023-10-07,Cancelled,2025-10-30,1
Client_026 Ltd,CL-026,Individual,SC-602,MBR-02324,UID-00002324,Lapsed,Cancelled,M,M9 6NV,2022-09-17,2025-10-30,2012-01-27,2020-09-17,Cancelled,2025-10-30,1
Client_027 Ltd,CL-027,Family,SC-237,MBR-00825,UID-00000825,Lapsed,Cancelled,F,B9 7IO,2021-08-12,2024-05-02,2020-07-09,2020-09-24,Cancelled,2024-05-02,1
Client_029 Ltd,CL-029,Corporate,SC-666,MBR-07923,UID-00007923,Lapsed,Cancelled,M,B14 2IM,2023-02-06,2025-10-30,2014-01-07,2020-01-08,Cancelled,2025-10-30,1
Client_029 Ltd,CL-029,Corporate,SC-770,MBR-05731,UID-00005731,Lapsed,Cancelled,F,N6 4DB,2023-09-10,2025-07-21,2017-10-15,2021-01-04,Cancelled,2025-07-21,1
Client_029 Ltd,CL-029,Corporate,SC-806,MBR-07514,UID-00007514,Lapsed,Cancelled,M,SW16 6TF,2015-03-08,2016-11-30,2007-04-30,2011-12-18,Cancelled,2016-11-30,1
Client_030 Ltd,CL-030,Individual,SC-579,MBR-01189,UID-00001189,Lapsed,Cancelled,M,EH4 8TX,2021-04-04,2025-10-30,2019-12-20,2021-02-27,Cancelled,2025-10-30,1
Client_031 Ltd,CL-031,Family,SC-185,MBR-03203,UID-00003203,Lapsed,Cancelled,M,W17P 8PQ,2015-09-11,2020-04-21,2005-01-01,2012-04-20,Cancelled,2020-04-21,1
Client_031 Ltd,CL-031,Family,SC-279,MBR-01457,UID-00001457,Lapsed,Cancelled,F,G9 3YC,2024-02-04,2025-10-30,2018-01-18,2019-09-17,Cancelled,2025-10-30,1
Client_031 Ltd,CL-031,Individual,SC-536,MBR-02273,UID-00002273,Lapsed,Cancelled,M,BS14 2LL,2019-06-15,2022-04-30,2014-11-10,2019-04-13,Cancelled,2022-04-30,1
Client_032 Ltd,CL-032,Family,SC-635,MBR-03067,UID-00003067,Lapsed,Cancelled,M,B13V 4WL,2016-06-01,2019-06-24,2004-03-09,2014-08-31,Cancelled,2019-06-24,1
Client_033 Ltd,CL-033,Individual,SC-419,MBR-07937,UID-00007937,Lapsed,Cancelled,M,L8P 5CI,2017-12-14,2023-02-22,2008-06-25,2017-11-10,Cancelled,2023-02-22,1
Client_034 Ltd,CL-034,Corporate,SC-582,MBR-09250,UID-00009250,Lapsed,Cancelled,M,B20 6EV,2023-11-07,2025-10-30,2019-06-18,2019-11-03,Cancelled,2025-10-30,1
Client_034 Ltd,CL-034,Individual,SC-413,MBR-09462,UID-00009462,Lapsed,Cancelled,M,W10 4HP,2015-01-30,2018-06-12,2012-05-03,2012-11-20,Cancelled,2018-06-12,1
Client_034 Ltd,CL-034,SME,SC-889,MBR-06364,UID-00006364,Lapsed,Cancelled,M,SW5 8OY,2022-12-31,2025-10-30,2021-09-15,2022-03-03,Cancelled,2025-10-30,1
Client_035 Ltd,CL-035,Individual,SC-537,MBR-02612,UID-00002612,Lapsed,Cancelled,M,SE9 5JT,2015-01-24,2024-12-22,2010-07-19,2012-02-16,Cancelled,2024-12-22,1
Client_036 Ltd,CL-036,Family,SC-570,MBR-02299,UID-00002299,Lapsed,Cancelled,M,BT4 6YQ,2016-01-09,2024-05-21,2005-11-11,2014-05-07,Cancelled,2024-05-21,1
Client_037 Ltd,CL-037,Corporate,SC-959,MBR-05893,UID-00005893,Lapsed,Cancelled,M,BT1P 7YL,2023-07-10,2025-10-30,2009-12-23,2017-11-17,Cancelled,2025-10-30,1
Client_037 Ltd,CL-037,Individual,SC-938,MBR-09554,UID-00009554,Lapsed,Cancelled,F,G2 1VC,2017-02-10,2020-08-10,2005-03-11,2007-06-19,Cancelled,2020-08-10,1
Client_039 Ltd,CL-039,Corporate,SC-597,MBR-08421,UID-00008421,Lapsed,Cancelled,F,M4 1YL,2018-08-08,2020-08-22,2004-05-01,2012-10-29,Cancelled,2020-08-22,1
Client_040 Ltd,CL-040,Family,SC-204,MBR-02883,UID-00002883,Lapsed,Cancelled,M,EH11 3YN,2019-12-12,2020-12-24,2011-04-29,2012-03-11,Cancelled,2020-12-24,1
Client_040 Ltd,CL-040,Family,SC-266,MBR-08051,UID-00008051,Lapsed,Cancelled,M,CF4 8AP,2015-01-04,2017-12-04,2004-01-09,2007-05-20,Cancelled,2017-12-04,1
Client_040 Ltd,CL-040,Family,SC-927,MBR-09998,UID-00009998,Lapsed,Cancelled,F,SE1Y 3FP,2024-11-06,2025-10-30,2013-07-19,2023-08-01,Cancelled,2025-10-30,1
Client_042 Ltd,CL-042,Corporate,SC-232,MBR-09248,UID-00009248,Lapsed,Cancelled,M,SW4 9NW,2022-09-23,2025-10-30,2020-12-30,2021-04-26,Cancelled,2025-10-30,1
Client_042 Ltd,CL-042,Corporate,SC-861,MBR-00924,UID-00000924,Lapsed,Cancelled,F,SE13 4NH,2016-02-09,2018-06-18,2006-02-09,2013-06-02,Cancelled,2018-06-18,1
Client_043 Ltd,CL-043,Corporate,SC-163,MBR-08793,UID-00008793,Lapsed,Cancelled,M,EC8 5BQ,2020-02-26,2025-10-30,2005-10-10,2010-04-17,Cancelled,2025-10-30,1
Client_043 Ltd,CL-043,Corporate,SC-412,MBR-08280,UID-00008280,Lapsed,Cancelled,M,E8 6LQ,2018-04-15,2025-01-18,2012-03-09,2017-04-15,Cancelled,2025-01-18,1
Client_044 Ltd,CL-044,SME,SC-747,MBR-07494,UID-00007494,Lapsed,Cancelled,F,B9 8PD,2018-01-29,2024-12-08,2007-12-17,2016-07-02,Cancelled,2024-12-08,1
Client_045 Ltd,CL-045,Family,SC-872,MBR-02088,UID-00002088,Lapsed,Cancelled,F,N1 8YV,2016-09-26,2025-02-04,2015-01-06,2015-11-26,Cancelled,2025-02-04,1
Client_046 Ltd,CL-046,Individual,SC-413,MBR-03736,UID-00003736,Lapsed,Cancelled,M,WC10F 3LE,2018-09-12,2025-10-30,2015-02-20,2017-11-21,Cancelled,2025-10-30,1
Client_046 Ltd,CL-046,SME,SC-602,MBR-01708,UID-00001708,Lapsed,Cancelled,M,G3 2LC,2022-10-11,2025-10-30,2010-08-02,2021-03-16,Cancelled,2025-10-30,1
Client_047 Ltd,CL-047,Family,SC-157,MBR-08584,UID-00008584,Lapsed,Cancelled,M,NW18 7GI,2022-06-23,2025-10-30,2008-10-26,2013-06-03,Cancelled,2025-10-30,1
Client_047 Ltd,CL-047,Family,SC-707,MBR-09874,UID-00009874,Lapsed,Cancelled,M,N6V 3KY,2016-05-02,2019-06-14,2008-07-02,2009-06-30,Cancelled,2019-06-14,1
Client_047 Ltd,CL-047,SME,SC-135,MBR-05368,UID-00005368,Lapsed,Cancelled,M,SE1O 2BQ,2024-09-28,2025-10-30,2019-02-04,2022-07-07,Cancelled,2025-10-30,1
Client_048 Ltd,CL-048,Corporate,SC-471,MBR-00501,UID-00000501,Lapsed,Cancelled,F,N15 4UX,2020-03-27,2025-10-30,2009-10-21,2016-12-02,Cancelled,2025-10-30,1
Client_049 Ltd,CL-049,Family,SC-798,MBR-03215,UID-00003215,Lapsed,Cancelled,M,BT6 4SZ,2017-06-02,2022-11-06,2014-02-07,2016-08-14,Cancelled,2022-11-06,1
Client_050 Ltd,CL-050,Corporate,SC-881,MBR-01723,UID-00001723,Lapsed,Cancelled,M,WC2 2WW,2024-08-24,2025-10-30,2013-01-01,2013-05-04,Cancelled,2025-10-30,1
Client_051 Ltd,CL-051,Corporate,SC-995,MBR-07288,UID-00007288,Lapsed,Cancelled,M,W17P 7IR,2021-02-07,2024-12-13,2019-01-13,2019-08-03,Cancelled,2024-12-13,1
Client_052 Ltd,CL-052,Family,SC-315,MBR-01004,UID-00001004,Lapsed,Cancelled,F,BS4 2ZJ,2018-12-06,2020-07-19,2016-03-20,2018-02-27,Cancelled,2020-07-19,1
Client_052 Ltd,CL-052,Family,SC-612,MBR-01245,UID-00001245,Lapsed,Cancelled,F,BS10 6ZV,2019-08-27,2021-09-06,2015-11-27,2016-12-28,Cancelled,2021-09-06,1
Client_052 Ltd,CL-052,Family,SC-760,MBR-05917,UID-00005917,Lapsed,Cancelled,F,EC20 8MD,2021-10-22,2025-01-13,2008-09-11,2009-03-12,Cancelled,2025-01-13,1
Client_052 Ltd,CL-052,Family,SC-848,MBR-09985,UID-00009985,Lapsed,Cancelled,F,W11 1NN,2021-04-02,2024-11-20,2014-06-22,2018-08-12,Cancelled,2024-11-20,1
Client_054 Ltd,CL-054,Corporate,SC-225,MBR-00882,UID-00000882,Lapsed,Cancelled,F,L6 8LK,2015-09-29,2021-09-06,2011-06-13,2014-07-14,Cancelled,2021-09-06,1
Client_054 Ltd,CL-054,Corporate,SC-528,MBR-00661,UID-00000661,Lapsed,Cancelled,M,SW5 3KL,2016-11-21,2024-07-19,2007-06-28,2016-03-15,Cancelled,2024-07-19,1
Client_054 Ltd,CL-054,Corporate,SC-745,MBR-06262,UID-00006262,Lapsed,Cancelled,F,SW10 1CA,2016-09-06,2024-11-02,2004-09-07,2015-10-22,Cancelled,2024-11-02,1
Client_055 Ltd,CL-055,SME,SC-826,MBR-09781,UID-00009781,Lapsed,Cancelled,M,M12 1TB,2024-08-10,2025-10-30,2014-07-29,2021-10-24,Cancelled,2025-10-30,1
Client_056 Ltd,CL-056,Corporate,SC-540,MBR-08484,UID-00008484,Lapsed,Cancelled,F,G2 7UP,2023-06-23,2025-10-30,2021-11-01,2022-04-14,Cancelled,2025-10-30,1
Client_056 Ltd,CL-056,Corporate,SC-755,MBR-03609,UID-00003609,Lapsed,Cancelled,F,EH6 1AD,2024-06-17,2025-10-30,2016-12-09,2023-03-31,Cancelled,2025-10-30,1
Client_056 Ltd,CL-056,SME,SC-419,MBR-01048,UID-00001048,Lapsed,Cancelled,M,BS15 4XV,2024-04-01,2025-10-30,2020-04-25,2024-01-12,Cancelled,2025-10-30,1
Client_057 Ltd,CL-057,Corporate,SC-818,MBR-00606,UID-00000606,Lapsed,Cancelled,M,B15 6IX,2015-06-07,2025-05-07,2011-02-21,2011-08-27,Cancelled,2025-05-07,1
Client_057 Ltd,CL-057,Family,SC-636,MBR-07785,UID-00007785,Lapsed,Cancelled,F,SE4 4CU,2017-04-09,2025-10-30,2003-02-01,2007-12-26,Cancelled,2025-10-30,1
Client_058 Ltd,CL-058,Corporate,SC-195,MBR-00259,UID-00000259,Lapsed,Cancelled,F,NW14 4OT,2023-07-12,2025-10-30,2016-02-21,2023-05-29,Cancelled,2025-10-30,1
Client_058 Ltd,CL-058,Family,SC-213,MBR-08947,UID-00008947,Lapsed,Cancelled,F,B10M 8LG,2017-12-27,2019-10-22,2005-04-07,2005-09-10,Cancelled,2019-10-22,1
Client_058 Ltd,CL-058,Individual,SC-355,MBR-02387,UID-00002387,Lapsed,Cancelled,M,B16 5YV,2022-09-13,2025-10-30,2019-07-28,2020-11-11,Cancelled,2025-10-30,1
Client_059 Ltd,CL-059,Corporate,SC-148,MBR-05886,UID-00005886,Lapsed,Cancelled,M,E4 3PT,2016-05-26,2020-09-10,2010-04-24,2011-02-04,Cancelled,2020-09-10,1
Client_059 Ltd,CL-059,Corporate,SC-329,MBR-08787,UID-00008787,Lapsed,Cancelled,M,N19W 5EY,2017-09-23,2019-05-15,2012-08-31,2013-04-27,Cancelled,2019-05-15,1
Client_059 Ltd,CL-059,Family,SC-928,MBR-07645,UID-00007645,Lapsed,Cancelled,M,EC14 4CV,2023-03-04,2025-10-30,2017-02-26,2022-08-19,Cancelled,2025-10-30,1
Client_059 Ltd,CL-059,Individual,SC-161,MBR-03646,UID-00003646,Lapsed,Cancelled,M,EH15 3SZ,2018-01-13,2021-01-07,2004-07-09,2015-01-16,Cancelled,2021-01-07,1
Client_060 Ltd,CL-060,Corporate,SC-703,MBR-00353,UID-00000353,Lapsed,Cancelled,F,NW3 4RX,2024-12-27,2025-10-30,2016-11-22,2017-09-15,Cancelled,2025-10-30,1
Client_061 Ltd,CL-061,Corporate,SC-547,MBR-00855,UID-00000855,Lapsed,Cancelled,M,B11B 9QD,2023-03-16,2025-05-07,2019-10-04,2020-11-25,Cancelled,2025-05-07,1
Client_061 Ltd,CL-061,Corporate,SC-859,MBR-05631,UID-00005631,Lapsed,Cancelled,F,BS7P 8AA,2019-03-07,2025-08-13,2007-12-23,2009-02-05,Cancelled,2025-08-13,1
Client_063 Ltd,CL-063,Individual,SC-531,MBR-00582,UID-00000582,Lapsed,Cancelled,F,N2H 4NW,2019-10-27,2020-12-07,2014-04-13,2018-10-19,Cancelled,2020-12-07,1
Client_063 Ltd,CL-063,SME,SC-473,MBR-05543,UID-00005543,Lapsed,Cancelled,F,EH3 3JJ,2016-04-12,2023-11-07,2005-11-07,2011-05-06,Cancelled,2023-11-07,1
Client_064 Ltd,CL-064,Family,SC-343,MBR-00767,UID-00000767,Lapsed,Cancelled,F,E20S 1ZR,2019-09-08,2025-10-30,2008-03-21,2010-06-15,Cancelled,2025-10-30,1
Client_065 Ltd,CL-065,Corporate,SC-504,MBR-01118,UID-00001118,Lapsed,Cancelled,F,SE20 1QV,2022-12-14,2024-07-03,2011-06-30,2016-01-14,Cancelled,2024-07-03,1
Client_065 Ltd,CL-065,SME,SC-652,MBR-05897,UID-00005897,Lapsed,Cancelled,F,N16 5YO,2019-02-16,2025-10-30,2016-04-09,2017-05-21,Cancelled,2025-10-30,1
Client_066 Ltd,CL-066,Corporate,SC-783,MBR-08315,UID-00008315,Lapsed,Cancelled,M,B17 4BB,2016-08-17,2022-01-13,2006-09-04,2009-05-26,Cancelled,2022-01-13,1
Client_067 Ltd,CL-067,Corporate,SC-930,MBR-08462,UID-00008462,Lapsed,Cancelled,F,W9 1ZT,2022-11-27,2025-10-30,2014-11-22,2018-01-18,Cancelled,2025-10-30,1
Client_067 Ltd,CL-067,Family,SC-394,MBR-09292,UID-00009292,Lapsed,Cancelled,F,WC2 3ID,2019-05-24,2023-07-12,2010-04-28,2014-04-06,Cancelled,2023-07-12,1
Client_068 Ltd,CL-068,Corporate,SC-532,MBR-02016,UID-00002016,Lapsed,Cancelled,M,BT10 2ON,2020-12-01,2025-10-30,2015-01-15,2020-04-08,Cancelled,2025-10-30,1
Client_068 Ltd,CL-068,SME,SC-727,MBR-04719,UID-00004719,Lapsed,Cancelled,M,BT6N 2HH,2016-03-29,2025-08-23,2010-08-17,2013-12-20,Cancelled,2025-08-23,1
Client_069 Ltd,CL-069,Corporate,SC-666,MBR-01348,UID-00001348,Lapsed,Cancelled,M,L13 3QR,2023-09-27,2025-10-30,2009-03-27,2023-02-05,Cancelled,2025-10-30,1
Client_069 Ltd,CL-069,Family,SC-882,MBR-04299,UID-00004299,Lapsed,Cancelled,M,BT1 3FC,2023-12-28,2025-10-30,2015-08-08,2019-10-04,Cancelled,2025-10-30,1
Client_070 Ltd,CL-070,Corporate,SC-532,MBR-03290,UID-00003290,Lapsed,Cancelled,M,M3 1CV,2021-07-31,2024-07-02,2011-07-13,2013-12-31,Cancelled,2024-07-02,1
Client_070 Ltd,CL-070,Family,SC-639,MBR-09657,UID-00009657,Lapsed,Cancelled,F,SE20U 4JP,2015-08-07,2020-10-25,2001-08-11,2011-08-06,Cancelled,2020-10-25,1
Client_070 Ltd,CL-070,Family,SC-990,MBR-00522,UID-00000522,Lapsed,Cancelled,M,M4 2HX,2017-12-08,2022-05-09,2016-08-26,2016-12-13,Cancelled,2022-05-09,1
Client_072 Ltd,CL-072,Corporate,SC-941,MBR-09526,UID-00009526,Lapsed,Cancelled,M,L15R 4FG,2018-04-24,2021-10-23,2012-11-14,2013-04-13,Cancelled,2021-10-23,1
Client_073 Ltd,CL-073,SME,SC-519,MBR-06745,UID-00006745,Lapsed,Cancelled,M,BS19 5QP,2024-09-29,2025-10-30,2011-05-11,2013-11-16,Cancelled,2025-10-30,1
Client_074 Ltd,CL-074,Corporate,SC-569,MBR-09783,UID-00009783,Lapsed,Cancelled,F,BT17B 7EN,2018-09-09,2025-10-30,2008-02-29,2008-12-07,Cancelled,2025-10-30,1
Client_074 Ltd,CL-074,Family,SC-199,MBR-04491,UID-00004491,Lapsed,Cancelled,M,B8 2TJ,2019-12-30,2022-09-20,2005-02-19,2011-02-07,Cancelled,2022-09-20,1
Client_074 Ltd,CL-074,Family,SC-412,MBR-04462,UID-00004462,Lapsed,Cancelled,M,EC16 3UT,2018-02-22,2021-04-28,2016-05-29,2016-12-18,Cancelled,2021-04-28,1
Client_074 Ltd,CL-074,Family,SC-811,MBR-04521,UID-00004521,Lapsed,Cancelled,F,SW20 4IV,2019-02-28,2025-10-30,2011-04-24,2016-12-19,Cancelled,2025-10-30,1
Client_075 Ltd,CL-075,Family,SC-653,MBR-02259,UID-00002259,Lapsed,Cancelled,M,SE6 6OQ,2020-11-30,2021-12-24,2018-03-20,2019-04-08,Cancelled,2021-12-24,1
Client_075 Ltd,CL-075,SME,SC-631,MBR-04377,UID-00004377,Lapsed,Cancelled,M,BS17 8CA,2024-09-21,2025-10-30,2013-10-19,2014-08-12,Cancelled,2025-10-30,1
Client_077 Ltd,CL-077,Corporate,SC-822,MBR-01574,UID-00001574,Lapsed,Cancelled,F,WC8M 2DC,2019-04-30,2022-11-01,2007-05-05,2011-05-08,Cancelled,2022-11-01,1
Client_077 Ltd,CL-077,Family,SC-513,MBR-01380,UID-00001380,Lapsed,Cancelled,F,SE4 9FJ,2021-04-20,2025-10-30,2016-10-07,2019-07-16,Cancelled,2025-10-30,1
Client_078 Ltd,CL-078,Corporate,SC-452,MBR-00863,UID-00000863,Lapsed,Cancelled,F,EC1 6XE,2024-06-03,2025-10-30,2017-10-27,2020-09-14,Cancelled,2025-10-30,1
Client_078 Ltd,CL-078,Family,SC-282,MBR-00899,UID-00000899,Lapsed,Cancelled,M,SE16 1RM,2023-05-24,2025-10-30,2019-07-16,2020-04-14,Cancelled,2025-10-30,1
Client_078 Ltd,CL-078,Individual,SC-118,MBR-08795,UID-00008795,Lapsed,Cancelled,M,W12 3MN,2018-06-23,2025-10-30,2009-09-30,2010-02-28,Cancelled,2025-10-30,1
Client_078 Ltd,CL-078,SME,SC-219,MBR-07270,UID-00007270,Lapsed,Cancelled,M,G5 6AL,2015-01-21,2020-12-03,2009-11-26,2010-05-04,Cancelled,2020-12-03,1
Client_078 Ltd,CL-078,SME,SC-454,MBR-08570,UID-00008570,Lapsed,Cancelled,M,BS6 5KV,2016-02-10,2019-01-04,2011-08-08,2012-10-15,Cancelled,2019-01-04,1
Client_079 Ltd,CL-079,Corporate,SC-313,MBR-04365,UID-00004365,Lapsed,Cancelled,M,M16 6HH,2016-12-17,2025-03-18,2011-08-13,2014-03-30,Cancelled,2025-03-18,1
Client_079 Ltd,CL-079,Corporate,SC-773,MBR-04717,UID-00004717,Lapsed,Cancelled,F,E8 9QD,2023-12-01,2025-10-30,2015-09-05,2018-09-05,Cancelled,2025-10-30,1
Client_079 Ltd,CL-079,Individual,SC-492,MBR-00059,UID-00000059,Lapsed,Cancelled,M,W3 3RB,2015-09-29,2018-01-29,2003-11-09,2014-05-06,Cancelled,2018-01-29,1
Client_080 Ltd,CL-080,Family,SC-694,MBR-08406,UID-00008406,Lapsed,Cancelled,M,WC12Q 3WT,2022-08-26,2025-10-30,2016-10-22,2017-01-16,Cancelled,2025-10-30,1
Client_080 Ltd,CL-080,Individual,SC-289,MBR-02967,UID-00002967,Lapsed,Cancelled,F,WC18 5QJ,2024-02-05,2025-10-30,2009-11-27,2014-07-15,Cancelled,2025-10-30,1
Client_081 Ltd,CL-081,Corporate,SC-664,MBR-01485,UID-00001485,Lapsed,Cancelled,M,BT9F 8CM,2015-10-21,2020-09-05,2008-01-28,2010-09-05,Cancelled,2020-09-05,1
Client_081 Ltd,CL-081,Corporate,SC-738,MBR-02898,UID-00002898,Lapsed,Cancelled,M,BT7 4PV,2022-09-08,2025-10-30,2018-10-25,2019-01-31,Cancelled,2025-10-30,1
Client_081 Ltd,CL-081,Family,SC-131,MBR-07239,UID-00007239,Lapsed,Cancelled,F,WC20B 1IL,2017-03-22,2022-10-31,2011-10-03,2015-09-13,Cancelled,2022-10-31,1
Client_081 Ltd,CL-081,Family,SC-399,MBR-04236,UID-00004236,Lapsed,Cancelled,M,EH10 8LT,2021-08-19,2023-05-06,2017-07-28,2019-11-20,Cancelled,2023-05-06,1
Client_081 Ltd,CL-081,Family,SC-422,MBR-07833,UID-00007833,Lapsed,Cancelled,M,L16A 1HB,2022-09-28,2024-08-18,2017-12-30,2021-05-11,Cancelled,2024-08-18,1
Client_081 Ltd,CL-081,Family,SC-835,MBR-08952,UID-00008952,Lapsed,Cancelled,F,EH1 9NL,2015-04-02,2018-09-17,2000-12-22,2006-01-12,Cancelled,2018-09-17,1
Client_082 Ltd,CL-082,Corporate,SC-334,MBR-03955,UID-00003955,Lapsed,Cancelled,M,BS6 5OF,2019-08-19,2025-10-30,2016-04-22,2016-11-06,Cancelled,2025-10-30,1
Client_082 Ltd,CL-082,Family,SC-465,MBR-03091,UID-00003091,Lapsed,Cancelled,M,CF15B 8WH,2021-08-15,2025-10-30,2010-08-14,2018-01-13,Cancelled,2025-10-30,1
Client_082 Ltd,CL-082,Family,SC-912,MBR-01519,UID-00001519,Lapsed,Cancelled,M,BT11N 1QZ,2021-06-01,2023-08-10,2010-01-06,2017-02-07,Cancelled,2023-08-10,1
Client_082 Ltd,CL-082,Individual,SC-835,MBR-07859,UID-00007859,Lapsed,Cancelled,M,BS1 6LR,2019-05-14,2021-10-03,2013-08-28,2019-03-08,Cancelled,2021-10-03,1
Client_082 Ltd,CL-082,SME,SC-669,MBR-08296,UID-00008296,Lapsed,Cancelled,F,E20O 6UN,2024-12-17,2025-10-30,2014-11-06,2017-01-23,Cancelled,2025-10-30,1
Client_083 Ltd,CL-083,Family,SC-459,MBR-02494,UID-00002494,Lapsed,Cancelled,M,L8 6UP,2020-06-27,2025-10-30,2011-12-09,2017-09-10,Cancelled,2025-10-30,1
Client_083 Ltd,CL-083,Individual,SC-544,MBR-05936,UID-00005936,Lapsed,Cancelled,F,EH7 9MP,2022-08-13,2025-10-30,2014-03-27,2021-04-01,Cancelled,2025-10-30,1
Client_083 Ltd,CL-083,Individual,SC-637,MBR-08608,UID-00008608,Lapsed,Cancelled,M,N3G 6JW,2016-08-07,2024-01-11,2005-11-23,2013-09-06,Cancelled,2024-01-11,1
Client_083 Ltd,CL-083,SME,SC-484,MBR-04511,UID-00004511,Lapsed,Cancelled,M,CF15 4LC,2021-04-03,2022-10-03,2010-07-15,2010-10-22,Cancelled,2022-10-03,1
Client_084 Ltd,CL-084,Corporate,SC-229,MBR-04024,UID-00004024,Lapsed,Cancelled,F,WC2 2OX,2017-06-01,2019-04-04,2003-02-13,2009-01-21,Cancelled,2019-04-04,1
Client_084 Ltd,CL-084,Corporate,SC-819,MBR-02585,UID-00002585,Lapsed,Cancelled,F,NW10N 8HW,2017-10-26,2025-10-30,2011-01-31,2017-01-26,Cancelled,2025-10-30,1
Client_084 Ltd,CL-084,Individual,SC-907,MBR-02617,UID-00002617,Lapsed,Cancelled,M,L7 9FD,2023-10-26,2025-10-30,2022-03-31,2022-07-14,Cancelled,2025-10-30,1
Client_084 Ltd,CL-084,SME,SC-775,MBR-01223,UID-00001223,Lapsed,Cancelled,M,B14 6GN,2016-11-08,2021-01-17,2003-02-23,2016-01-07,Cancelled,2021-01-17,1
Client_084 Ltd,CL-084,SME,SC-815,MBR-00955,UID-00000955,Lapsed,Cancelled,M,SW20 4GS,2019-03-25,2023-06-29,2018-02-02,2019-01-01,Cancelled,2023-06-29,1
Client_085 Ltd,CL-085,Corporate,SC-644,MBR-04751,UID-00004751,Lapsed,Cancelled,M,WC3 3XE,2018-08-20,2023-09-19,2016-12-26,2017-10-28,Cancelled,2023-09-19,1
Client_085 Ltd,CL-085,Family,SC-154,MBR-06350,UID-00006350,Lapsed,Cancelled,F,EH10 3OX,2015-01-06,2022-02-11,2008-11-14,2009-04-22,Cancelled,2022-02-11,1
Client_086 Ltd,CL-086,Corporate,SC-968,MBR-09591,UID-00009591,Lapsed,Cancelled,M,SW15 1DM,2017-03-30,2022-02-11,2007-08-31,2016-08-09,Cancelled,2022-02-11,1
Client_088 Ltd,CL-088,Family,SC-752,MBR-02139,UID-00002139,Lapsed,Cancelled,M,NW9 7FF,2017-11-19,2023-01-25,2016-07-02,2017-08-14,Cancelled,2023-01-25,1
Client_089 Ltd,CL-089,Corporate,SC-258,MBR-09624,UID-00009624,Lapsed,Cancelled,F,N5 7ZY,2018-10-17,2025-10-30,2009-08-21,2012-05-26,Cancelled,2025-10-30,1
Client_089 Ltd,CL-089,Family,SC-615,MBR-03854,UID-00003854,Lapsed,Cancelled,F,G18 5MW,2015-12-21,2020-01-15,2002-08-14,2014-02-25,Cancelled,2020-01-15,1
Client_089 Ltd,CL-089,Family,SC-974,MBR-00553,UID-00000553,Lapsed,Cancelled,F,EH14 8BC,2016-05-28,2019-04-18,2014-03-15,2015-01-28,Cancelled,2019-04-18,1
Client_090 Ltd,CL-090,Individual,SC-205,MBR-03496,UID-00003496,Lapsed,Cancelled,M,W7A 4AH,2015-11-16,2022-10-15,2011-01-29,2012-06-18,Cancelled,2022-10-15,1
Client_091 Ltd,CL-091,Family,SC-164,MBR-00785,UID-00000785,Lapsed,Cancelled,M,NW6 8AG,2020-04-15,2025-10-30,2014-06-09,2015-05-15,Cancelled,2025-10-30,1
Client_091 Ltd,CL-091,Individual,SC-386,MBR-08924,UID-00008924,Lapsed,Cancelled,F,WC19 2AM,2015-10-27,2021-01-30,2008-05-01,2010-09-04,Cancelled,2021-01-30,1
Client_092 Ltd,CL-092,Corporate,SC-548,MBR-09004,UID-00009004,Lapsed,Cancelled,M,B10 4KD,2021-05-03,2025-10-30,2013-02-22,2016-12-24,Cancelled,2025-10-30,1
Client_093 Ltd,CL-093,Individual,SC-985,MBR-06622,UID-00006622,Lapsed,Cancelled,M,E3 4IW,2020-07-23,2024-03-19,2015-10-25,2017-09-25,Cancelled,2024-03-19,1
Client_095 Ltd,CL-095,Corporate,SC-695,MBR-04548,UID-00004548,Lapsed,Cancelled,F,BT11 1GB,2023-02-25,2025-10-30,2008-09-08,2022-04-20,Cancelled,2025-10-30,1
Client_095 Ltd,CL-095,Individual,SC-557,MBR-00367,UID-00000367,Lapsed,Cancelled,F,E15 6NW,2019-07-09,2025-10-30,2016-10-03,2016-11-25,Cancelled,2025-10-30,1
Client_096 Ltd,CL-096,Corporate,SC-117,MBR-09501,UID-00009501,Lapsed,Cancelled,M,L4T 6NG,2017-07-16,2023-02-24,2013-08-04,2015-03-10,Cancelled,2023-02-24,1
Client_096 Ltd,CL-096,Corporate,SC-335,MBR-06650,UID-00006650,Lapsed,Cancelled,F,NW18 2IX,2024-08-19,2025-10-30,2022-02-05,2023-02-03,Cancelled,2025-10-30,1
Client_096 Ltd,CL-096,Family,SC-608,MBR-07251,UID-00007251,Lapsed,Cancelled,F,B16B 9BU,2022-08-30,2025-10-30,2011-02-10,2020-10-31,Cancelled,2025-10-30,1
Client_096 Ltd,CL-096,SME,SC-480,MBR-01748,UID-00001748,Lapsed,Cancelled,M,CF2 7HG,2019-05-31,2023-06-12,2015-09-25,2017-01-19,Cancelled,2023-06-12,1
Client_096 Ltd,CL-096,SME,SC-602,MBR-08893,UID-00008893,Lapsed,Cancelled,F,B1 4IZ,2015-01-02,2018-05-10,2000-05-01,2013-01-04,Cancelled,2018-05-10,1
Client_098 Ltd,CL-098,Family,SC-746,MBR-03966,UID-00003966,Lapsed,Cancelled,F,WC13 1NA,2021-04-22,2024-08-08,2009-01-08,2010-03-10,Cancelled,2024-08-08,1
Client_099 Ltd,CL-099,Corporate,SC-355,MBR-00479,UID-00000479,Lapsed,Cancelled,F,NW19 5TR,2015-02-07,2021-11-16,2012-08-28,2014-04-16,Cancelled,2021-11-16,1
Client_100 Ltd,CL-100,Family,SC-610,MBR-02218,UID-00002218,Lapsed,Cancelled,M,SE7 2EQ,2018-05-11,2024-10-30,2016-10-07,2018-05-10,Cancelled,2024-10-30,1
Client_101 Ltd,CL-101,Corporate,SC-199,MBR-09036,UID-00009036,Lapsed,Cancelled,F,WC20S 8EX,2016-06-13,2024-03-29,2010-03-06,2015-05-05,Cancelled,2024-03-29,1
Client_101 Ltd,CL-101,Corporate,SC-837,MBR-05298,UID-00005298,Lapsed,Cancelled,F,CF11 3HS,2020-08-21,2025-08-26,2014-06-13,2018-11-19,Cancelled,2025-08-26,1
Client_101 Ltd,CL-101,Family,SC-745,MBR-09605,UID-00009605,Lapsed,Cancelled,F,BT12 2NX,2024-02-29,2025-10-30,2021-07-04,2021-09-21,Cancelled,2025-10-30,1
Client_102 Ltd,CL-102,Corporate,SC-825,MBR-05198,UID-00005198,Lapsed,Cancelled,M,B3W 3LL,2015-09-13,2022-09-01,2005-01-17,2012-05-24,Cancelled,2022-09-01,1
Client_102 Ltd,CL-102,Corporate,SC-961,MBR-03879,UID-00003879,Lapsed,Cancelled,F,L12 5AL,2017-06-13,2021-06-05,2009-08-12,2013-06-23,Cancelled,2021-06-05,1
Client_102 Ltd,CL-102,Family,SC-936,MBR-06125,UID-00006125,Lapsed,Cancelled,F,BS6 8RU,2018-12-31,2025-10-18,2008-04-29,2012-02-08,Cancelled,2025-10-18,1
Client_102 Ltd,CL-102,SME,SC-108,MBR-07094,UID-00007094,Lapsed,Cancelled,M,E1Z 2AZ,2016-11-19,2023-04-14,2007-11-28,2015-03-06,Cancelled,2023-04-14,1
Client_103 Ltd,CL-103,Corporate,SC-178,MBR-05291,UID-00005291,Lapsed,Cancelled,M,SW3 4UP,2017-12-07,2019-01-27,2007-05-17,2012-10-07,Cancelled,2019-01-27,1
Client_103 Ltd,CL-103,Corporate,SC-425,MBR-05128,UID-00005128,Lapsed,Cancelled,M,N10 7FS,2022-11-29,2025-10-30,2008-08-10,2010-10-11,Cancelled,2025-10-30,1
Client_103 Ltd,CL-103,Family,SC-319,MBR-08791,UID-00008791,Lapsed,Cancelled,F,N6 6QQ,2023-01-12,2025-10-30,2012-05-08,2018-11-30,Cancelled,2025-10-30,1
Client_104 Ltd,CL-104,Corporate,SC-337,MBR-09102,UID-00009102,Lapsed,Cancelled,F,B7 3ZP,2021-06-20,2025-08-10,2016-08-13,2018-06-23,Cancelled,2025-08-10,1
Client_104 Ltd,CL-104,Corporate,SC-868,MBR-08006,UID-00008006,Lapsed,Cancelled,M,WC9 2MJ,2018-04-16,2023-07-30,2004-12-11,2017-08-25,Cancelled,2023-07-30,1
Client_104 Ltd,CL-104,Family,SC-184,MBR-08585,UID-00008585,Lapsed,Cancelled,M,N16R 8DD,2017-02-18,2019-07-07,2009-07-12,2012-11-05,Cancelled,2019-07-07,1
Client_104 Ltd,CL-104,Family,SC-216,MBR-05143,UID-00005143,Lapsed,Cancelled,F,BS16Y 9KQ,2017-02-01,2019-10-21,2013-06-08,2016-02-25,Cancelled,2019-10-21,1
Client_104 Ltd,CL-104,Family,SC-925,MBR-07384,UID-00007384,Lapsed,Cancelled,F,BT9 6FS,2021-11-06,2024-04-10,2012-01-10,2017-10-08,Cancelled,2024-04-10,1
Client_105 Ltd,CL-105,Family,SC-276,MBR-04583,UID-00004583,Lapsed,Cancelled,F,G7 4WF,2015-01-27,2016-02-25,2004-06-06,2009-05-01,Cancelled,2016-02-25,1
Client_105 Ltd,CL-105,Family,SC-522,MBR-07904,UID-00007904,Lapsed,Cancelled,F,SW3 3YK,2022-10-17,2024-09-20,2011-01-08,2014-03-14,Cancelled,2024-09-20,1
Client_105 Ltd,CL-105,Family,SC-841,MBR-08605,UID-00008605,Lapsed,Cancelled,M,W13 5KH,2020-01-29,2025-10-30,2017-03-26,2019-06-17,Cancelled,2025-10-30,1
Client_105 Ltd,CL-105,Family,SC-987,MBR-08210,UID-00008210,Lapsed,Cancelled,M,CF18 4UO,2019-11-07,2021-05-19,2007-08-19,2017-02-25,Cancelled,2021-05-19,1
Client_106 Ltd,CL-106,Corporate,SC-491,MBR-03681,UID-00003681,Lapsed,Cancelled,F,NW1 9KY,2022-10-06,2025-10-30,2012-03-13,2014-01-13,Cancelled,2025-10-30,1
Client_106 Ltd,CL-106,Corporate,SC-869,MBR-03452,UID-00003452,Lapsed,Cancelled,F,WC12 4PG,2023-08-22,2025-10-30,2016-07-05,2017-03-27,Cancelled,2025-10-30,1
Client_107 Ltd,CL-107,Corporate,SC-793,MBR-09070,UID-00009070,Lapsed,Cancelled,M,CF18 5HS,2020-04-14,2025-10-30,2005-08-01,2015-12-13,Cancelled,2025-10-30,1
Client_108 Ltd,CL-108,Individual,SC-122,MBR-05073,UID-00005073,Lapsed,Cancelled,M,B7 2AN,2019-02-01,2021-09-21,2014-04-25,2017-05-28,Cancelled,2021-09-21,1
Client_109 Ltd,CL-109,Family,SC-779,MBR-01160,UID-00001160,Lapsed,Cancelled,M,M16 2TX,2018-11-07,2022-10-14,2006-05-18,2011-08-23,Cancelled,2022-10-14,1
Client_111 Ltd,CL-111,Corporate,SC-869,MBR-02176,UID-00002176,Lapsed,Cancelled,F,EC7 5FF,2019-01-14,2022-03-08,2007-09-07,2013-12-01,Cancelled,2022-03-08,1
Client_112 Ltd,CL-112,Family,SC-203,MBR-01477,UID-00001477,Lapsed,Cancelled,F,L19 5CF,2024-06-14,2025-10-30,2020-12-04,2023-09-12,Cancelled,2025-10-30,1
Client_112 Ltd,CL-112,Family,SC-976,MBR-04795,UID-00004795,Lapsed,Cancelled,M,W10G 5YR,2019-08-23,2025-08-27,2018-01-06,2018-03-29,Cancelled,2025-08-27,1
Client_112 Ltd,CL-112,SME,SC-995,MBR-02444,UID-00002444,Lapsed,Cancelled,F,EH9 4DV,2022-10-29,2025-10-30,2009-03-17,2017-02-04,Cancelled,2025-10-30,1
Client_113 Ltd,CL-113,Family,SC-689,MBR-06782,UID-00006782,Lapsed,Cancelled,M,SE8 2NL,2017-10-10,2025-10-30,2016-05-28,2017-06-28,Cancelled,2025-10-30,1
Client_114 Ltd,CL-114,Corporate,SC-737,MBR-09815,UID-00009815,Lapsed,Cancelled,F,EH12G 8UC,2016-04-23,2024-11-25,2003-02-12,2011-04-16,Cancelled,2024-11-25,1
Client_114 Ltd,CL-114,Family,SC-109,MBR-03699,UID-00003699,Lapsed,Cancelled,F,BT9 6DW,2015-02-22,2017-03-13,2004-10-29,2009-05-16,Cancelled,2017-03-13,1
Client_114 Ltd,CL-114,Individual,SC-428,MBR-04523,UID-00004523,Lapsed,Cancelled,F,G1H 5PO,2022-10-13,2025-06-14,2008-12-15,2019-10-04,Cancelled,2025-06-14,1
Client_114 Ltd,CL-114,Individual,SC-657,MBR-09811,UID-00009811,Lapsed,Cancelled,M,CF8 5NQ,2016-12-26,2021-11-11,2013-11-18,2016-05-10,Cancelled,2021-11-11,1
Client_116 Ltd,CL-116,Family,SC-458,MBR-03109,UID-00003109,Lapsed,Cancelled,F,B4 7DE,2023-01-23,2025-10-30,2009-08-18,2022-12-05,Cancelled,2025-10-30,1
Client_117 Ltd,CL-117,Corporate,SC-602,MBR-00122,UID-00000122,Lapsed,Cancelled,F,N7S 5XS,2016-11-11,2019-08-16,2010-07-13,2016-02-27,Cancelled,2019-08-16,1
Client_118 Ltd,CL-118,Corporate,SC-677,MBR-07478,UID-00007478,Lapsed,Cancelled,M,M16 3YS,2019-07-30,2022-09-03,2014-01-16,2018-03-06,Cancelled,2022-09-03,1
Client_118 Ltd,CL-118,Individual,SC-462,MBR-08325,UID-00008325,Lapsed,Cancelled,M,BT15 2QA,2024-03-14,2025-10-30,2010-12-07,2011-04-12,Cancelled,2025-10-30,1
Client_118 Ltd,CL-118,SME,SC-697,MBR-08390,UID-00008390,Lapsed,Cancelled,M,G7 5AR,2022-11-14,2025-10-30,2010-02-13,2017-08-05,Cancelled,2025-10-30,1
Client_119 Ltd,CL-119,Family,SC-423,MBR-08422,UID-00008422,Lapsed,Cancelled,M,G14M 2EN,2015-04-22,2021-10-31,2008-07-27,2015-04-18,Cancelled,2021-10-31,1
Client_119 Ltd,CL-119,Family,SC-555,MBR-02095,UID-00002095,Lapsed,Cancelled,M,NW12Z 3WX,2018-10-17,2025-04-13,2012-02-12,2013-09-18,Cancelled,2025-04-13,1
Client_120 Ltd,CL-120,Corporate,SC-124,MBR-02721,UID-00002721,Lapsed,Cancelled,F,N14A 6WK,2021-08-12,2025-10-30,2008-09-08,2020-03-21,Cancelled,2025-10-30,1
Client_120 Ltd,CL-120,Family,SC-300,MBR-05686,UID-00005686,Lapsed,Cancelled,F,SE10Z 4KW,2016-02-04,2021-06-13,2007-09-01,2013-01-01,Cancelled,2021-06-13,1
Client_120 Ltd,CL-120,Family,SC-538,MBR-09774,UID-00009774,Lapsed,Cancelled,M,N8 2GE,2018-08-19,2025-10-30,2004-05-31,2010-01-04,Cancelled,2025-10-30,1
Client_120 Ltd,CL-120,Family,SC-628,MBR-06016,UID-00006016,Lapsed,Cancelled,F,BT5 4PT,2018-07-24,2025-02-03,2012-02-07,2016-04-15,Cancelled,2025-02-03,1
Client_121 Ltd,CL-121,Corporate,SC-478,MBR-01607,UID-00001607,Lapsed,Cancelled,M,NW3 9JL,2024-11-03,2025-10-30,2023-01-25,2023-01-31,Cancelled,2025-10-30,1
Client_121 Ltd,CL-121,SME,SC-374,MBR-01787,UID-00001787,Lapsed,Cancelled,F,EC16 6ZO,2018-05-05,2025-10-30,2011-07-30,2012-02-18,Cancelled,2025-10-30,1
Client_121 Ltd,CL-121,SME,SC-954,MBR-04920,UID-00004920,Lapsed,Cancelled,M,W13 7QE,2024-01-26,2025-10-30,2009-06-18,2019-09-23,Cancelled,2025-10-30,1
Client_122 Ltd,CL-122,Individual,SC-478,MBR-02395,UID-00002395,Lapsed,Cancelled,F,L6 4LM,2022-01-05,2023-05-18,2012-03-04,2020-12-26,Cancelled,2023-05-18,1
Client_124 Ltd,CL-124,Family,SC-399,MBR-01880,UID-00001880,Lapsed,Cancelled,F,B16M 1OB,2024-03-20,2025-10-30,2011-11-18,2014-09-06,Cancelled,2025-10-30,1
Client_124 Ltd,CL-124,Family,SC-561,MBR-01947,UID-00001947,Lapsed,Cancelled,M,L14 4HC,2020-06-28,2025-10-30,2010-09-11,2013-02-07,Cancelled,2025-10-30,1
Client_124 Ltd,CL-124,SME,SC-188,MBR-07753,UID-00007753,Lapsed,Cancelled,M,EC5 8EA,2015-10-16,2019-01-21,2001-11-20,2011-03-28,Cancelled,2019-01-21,1
Client_125 Ltd,CL-125,Corporate,SC-716,MBR-09372,UID-00009372,Lapsed,Cancelled,M,L3 1JQ,2017-08-16,2025-10-30,2014-04-16,2014-05-09,Cancelled,2025-10-30,1
Client_127 Ltd,CL-127,Corporate,SC-288,MBR-02222,UID-00002222,Lapsed,Cancelled,F,EC20 1SN,2017-02-24,2020-02-28,2011-06-19,2015-02-26,Cancelled,2020-02-28,1
Client_127 Ltd,CL-127,Corporate,SC-521,MBR-06621,UID-00006621,Lapsed,Cancelled,M,WC9 2IW,2024-03-28,2025-10-30,2014-06-18,2015-10-25,Cancelled,2025-10-30,1
Client_127 Ltd,CL-127,Family,SC-506,MBR-01736,UID-00001736,Lapsed,Cancelled,F,W3 6AH,2020-08-09,2025-10-30,2009-01-22,2016-05-19,Cancelled,2025-10-30,1
Client_127 Ltd,CL-127,Individual,SC-552,MBR-07272,UID-00007272,Lapsed,Cancelled,F,N1 8CE,2015-11-12,2019-07-28,2009-10-18,2014-11-02,Cancelled,2019-07-28,1
Client_128 Ltd,CL-128,Corporate,SC-152,MBR-07459,UID-00007459,Lapsed,Cancelled,M,NW1Q 5LI,2021-10-09,2025-10-30,2017-10-22,2020-08-04,Cancelled,2025-10-30,1
Client_129 Ltd,CL-129,Family,SC-621,MBR-00762,UID-00000762,Lapsed,Cancelled,M,B3W 8PF,2019-08-29,2025-10-30,2008-10-16,2013-07-19,Cancelled,2025-10-30,1
Client_129 Ltd,CL-129,Family,SC-791,MBR-08511,UID-00008511,Lapsed,Cancelled,M,SW16 5JI,2017-09-04,2019-01-03,2005-01-11,2008-07-08,Cancelled,2019-01-03,1
Client_130 Ltd,CL-130,Corporate,SC-773,MBR-09607,UID-00009607,Lapsed,Cancelled,F,BS1 9FF,2023-02-19,2025-10-30,2016-10-28,2019-03-25,Cancelled,2025-10-30,1
Client_130 Ltd,CL-130,Family,SC-880,MBR-00135,UID-00000135,Lapsed,Cancelled,F,WC9 4ND,2016-05-27,2025-08-23,2008-10-30,2010-12-31,Cancelled,2025-08-23,1
Client_131 Ltd,CL-131,Family,SC-638,MBR-04744,UID-00004744,Lapsed,Cancelled,B,BT14 5FU,2019-03-13,2025-10-30,2007-11-17,2010-01-19,Cancelled,2025-10-30,1
Client_131 Ltd,CL-131,Family,SC-877,MBR-06229,UID-00006229,Lapsed,Cancelled,F,G1 1PP,2019-04-03,2023-05-12,2014-12-03,2016-03-16,Cancelled,2023-05-12,1
Client_131 Ltd,CL-131,Individual,SC-326,MBR-04638,UID-00004638,Lapsed,Cancelled,F,N17 9PL,2016-02-16,2024-09-12,2008-12-21,2009-04-25,Cancelled,2024-09-12,1
Client_132 Ltd,CL-132,Corporate,SC-368,MBR-01129,UID-00001129,Lapsed,Cancelled,M,SW10 9EP,2018-11-25,2023-07-06,2016-08-13,2016-08-29,Cancelled,2023-07-06,1
Client_133 Ltd,CL-133,Corporate,SC-753,MBR-01248,UID-00001248,Lapsed,Cancelled,M,N15 7ZB,2016-10-08,2017-12-09,2004-05-19,2016-04-27,Cancelled,2017-12-09,1
Client_133 Ltd,CL-133,Family,SC-665,MBR-05598,UID-00005598,Lapsed,Cancelled,F,N3O 8JW,2019-07-03,2025-10-30,2014-03-09,2016-01-25,Cancelled,2025-10-30,1
Client_133 Ltd,CL-133,Individual,SC-111,MBR-06028,UID-00006028,Lapsed,Cancelled,M,G12 6LN,2017-09-05,2025-10-30,2012-02-17,2017-05-16,Cancelled,2025-10-30,1
Client_133 Ltd,CL-133,SME,SC-847,MBR-06186,UID-00006186,Lapsed,Cancelled,F,BT19 6DM,2015-10-06,2019-02-06,2008-01-28,2009-10-27,Cancelled,2019-02-06,1
Client_134 Ltd,CL-134,Corporate,SC-153,MBR-02164,UID-00002164,Lapsed,Cancelled,F,CF5R 6DH,2018-01-15,2025-10-30,2008-09-03,2015-11-24,Cancelled,2025-10-30,1
Client_134 Ltd,CL-134,Corporate,SC-942,MBR-04244,UID-00004244,Lapsed,Cancelled,M,EC1 3SG,2015-08-18,2021-02-24,2001-04-02,2007-09-06,Cancelled,2021-02-24,1
Client_135 Ltd,CL-135,Family,SC-611,MBR-06351,UID-00006351,Lapsed,Cancelled,M,W17F 5AF,2021-05-17,2023-08-30,2014-05-29,2017-08-20,Cancelled,2023-08-30,1
Client_136 Ltd,CL-136,Corporate,SC-101,MBR-07672,UID-00007672,Lapsed,Cancelled,F,G9T 8RS,2022-06-30,2025-10-30,2010-07-05,2011-10-29,Cancelled,2025-10-30,1
Client_136 Ltd,CL-136,Corporate,SC-196,MBR-01258,UID-00001258,Lapsed,Cancelled,M,WC3 4IW,2017-04-28,2021-05-02,2003-07-18,2005-01-05,Cancelled,2021-05-02,1
Client_136 Ltd,CL-136,Family,SC-244,MBR-01421,UID-00001421,Lapsed,Cancelled,M,SE5R 1JT,2021-10-28,2025-10-30,2011-02-21,2019-10-29,Cancelled,2025-10-30,1
Client_138 Ltd,CL-138,Corporate,SC-621,MBR-03207,UID-00003207,Lapsed,Cancelled,F,SE16 4OW,2018-04-26,2023-05-07,2004-11-29,2010-01-19,Cancelled,2023-05-07,1
Client_138 Ltd,CL-138,Corporate,SC-882,MBR-00659,UID-00000659,Lapsed,Cancelled,F,BT2G 1JL,2023-06-13,2025-10-30,2012-01-13,2012-09-10,Cancelled,2025-10-30,1
Client_138 Ltd,CL-138,Family,SC-896,MBR-05700,UID-00005700,Lapsed,Cancelled,M,EH15S 9RD,2019-07-23,2025-10-30,2013-07-19,2015-03-14,Cancelled,2025-10-30,1
Client_138 Ltd,CL-138,SME,SC-345,MBR-02107,UID-00002107,Lapsed,Cancelled,F,WC10 4XY,2020-01-31,2021-06-20,2007-08-27,2018-04-04,Cancelled,2021-06-20,1
Client_139 Ltd,CL-139,Corporate,SC-447,MBR-09205,UID-00009205,Lapsed,Cancelled,F,EC14M 3DK,2015-01-07,2018-08-22,2005-06-25,2013-02-15,Cancelled,2018-08-22,1
Client_139 Ltd,CL-139,Corporate,SC-748,MBR-08339,UID-00008339,Lapsed,Cancelled,M,G18 8NS,2023-02-27,2025-10-30,2010-03-11,2011-01-08,Cancelled,2025-10-30,1
Client_140 Ltd,CL-140,Corporate,SC-756,MBR-07221,UID-00007221,Lapsed,Cancelled,F,L18 9RC,2017-12-28,2020-04-27,2007-04-10,2015-05-06,Cancelled,2020-04-27,1
Client_140 Ltd,CL-140,Corporate,SC-781,MBR-01413,UID-00001413,Lapsed,Cancelled,M,NW9 9OK,2017-09-19,2021-12-19,2005-12-23,2017-06-06,Cancelled,2021-12-19,1
Client_140 Ltd,CL-140,Family,SC-665,MBR-01387,UID-00001387,Lapsed,Cancelled,F,SE16X 4AI,2023-11-13,2025-10-30,2016-12-07,2020-06-15,Cancelled,2025-10-30,1
Client_141 Ltd,CL-141,Family,SC-240,MBR-03607,UID-00003607,Lapsed,Cancelled,F,EC15 5NO,2022-07-18,2024-10-12,2012-12-27,2019-05-18,Cancelled,2024-10-12,1
Client_141 Ltd,CL-141,Family,SC-941,MBR-05578,UID-00005578,Lapsed,Cancelled,F,L12 8AA,2024-01-02,2025-10-30,2021-05-01,2021-06-28,Cancelled,2025-10-30,1
Client_141 Ltd,CL-141,Individual,SC-418,MBR-08723,UID-00008723,Lapsed,Cancelled,M,G15 2PQ,2019-01-03,2022-06-29,2012-01-01,2018-09-23,Cancelled,2022-06-29,1
Client_142 Ltd,CL-142,Corporate,SC-314,MBR-00791,UID-00000791,Lapsed,Cancelled,M,G9H 8MS,2022-03-11,2025-10-05,2015-08-30,2021-12-06,Cancelled,2025-10-05,1
Client_142 Ltd,CL-142,Corporate,SC-415,MBR-09146,UID-00009146,Lapsed,Cancelled,M,BT16 4EA,2018-08-24,2025-05-28,2014-10-20,2017-06-03,Cancelled,2025-05-28,1
Client_142 Ltd,CL-142,Family,SC-810,MBR-07083,UID-00007083,Lapsed,Cancelled,M,SE14 8SJ,2017-10-24,2023-09-02,2014-03-28,2014-04-04,Cancelled,2023-09-02,1
Client_143 Ltd,CL-143,Family,SC-775,MBR-09757,UID-00009757,Lapsed,Cancelled,M,EH18 7FE,2021-06-27,2024-10-28,2006-12-26,2013-11-20,Cancelled,2024-10-28,1
Client_144 Ltd,CL-144,Corporate,SC-422,MBR-09925,UID-00009925,Lapsed,Cancelled,F,W14 7OF,2020-10-20,2025-10-30,2010-05-02,2020-03-11,Cancelled,2025-10-30,1
Client_144 Ltd,CL-144,Corporate,SC-901,MBR-07895,UID-00007895,Lapsed,Cancelled,M,EH9 2WW,2017-09-23,2025-07-31,2003-11-14,2005-01-28,Cancelled,2025-07-31,1
Client_144 Ltd,CL-144,SME,SC-923,MBR-00525,UID-00000525,Lapsed,Cancelled,F,CF8 7XK,2021-09-27,2025-10-30,2019-07-03,2020-01-17,Cancelled,2025-10-30,1
Client_145 Ltd,CL-145,Corporate,SC-556,MBR-02291,UID-00002291,Lapsed,Cancelled,F,B11 8VS,2015-12-07,2019-12-11,2001-12-02,2011-04-11,Cancelled,2019-12-11,1
Client_145 Ltd,CL-145,Family,SC-192,MBR-07462,UID-00007462,Lapsed,Cancelled,M,E10 3KO,2017-09-04,2025-08-11,2013-04-14,2016-07-24,Cancelled,2025-08-11,1
Client_145 Ltd,CL-145,Individual,SC-472,MBR-08968,UID-00008968,Lapsed,Cancelled,F,G8 6EE,2016-09-20,2021-09-27,2012-12-16,2014-05-11,Cancelled,2021-09-27,1
Client_145 Ltd,CL-145,SME,SC-279,MBR-05602,UID-00005602,Lapsed,Cancelled,M,NW7 6VH,2016-01-24,2024-03-17,2005-08-31,2006-03-07,Cancelled,2024-03-17,1
Client_146 Ltd,CL-146,Corporate,SC-432,MBR-04179,UID-00004179,Lapsed,Cancelled,M,BT7D 7XQ,2019-12-07,2025-06-27,2018-09-16,2019-06-28,Cancelled,2025-06-27,1
Client_146 Ltd,CL-146,Corporate,SC-783,MBR-07901,UID-00007901,Lapsed,Cancelled,F,EC1 2ML,2018-06-03,2025-07-21,2005-07-30,2012-02-10,Cancelled,2025-07-21,1
Client_147 Ltd,CL-147,Corporate,SC-158,MBR-00713,UID-00000713,Lapsed,Cancelled,M,SW4 8HU,2023-06-13,2025-04-10,2016-09-12,2021-03-31,Cancelled,2025-04-10,1
Client_147 Ltd,CL-147,Family,SC-534,MBR-03793,UID-00003793,Lapsed,Cancelled,F,M10 1JU,2016-07-11,2018-03-19,2008-03-07,2011-09-19,Cancelled,2018-03-19,1
Client_147 Ltd,CL-147,Individual,SC-382,MBR-01957,UID-00001957,Lapsed,Cancelled,F,EC4 3BH,2017-12-16,2025-10-30,2013-04-11,2013-07-09,Cancelled,2025-10-30,1
Client_148 Ltd,CL-148,Individual,SC-118,MBR-01418,UID-00001418,Lapsed,Cancelled,M,W16N 1KQ,2020-03-20,2021-10-09,2014-04-21,2017-08-13,Cancelled,2021-10-09,1
Client_149 Ltd,CL-149,Corporate,SC-167,MBR-00926,UID-00000926,Lapsed,Cancelled,M,E7 9VZ,2022-07-22,2025-03-14,2010-12-27,2013-05-07,Cancelled,2025-03-14,1
Client_149 Ltd,CL-149,Individual,SC-811,MBR-03312,UID-00003312,Lapsed,Cancelled,F,G1H 7KI,2019-05-19,2025-02-05,2013-08-02,2015-02-11,Cancelled,2025-02-05,1
Client_150 Ltd,CL-150,Corporate,SC-960,MBR-04196,UID-00004196,Lapsed,Cancelled,M,BS4G 9SW,2020-12-14,2024-05-04,2014-02-17,2014-04-02,Cancelled,2024-05-04,1
Client_150 Ltd,CL-150,Family,SC-219,MBR-03471,UID-00003471,Lapsed,Cancelled,M,B14 8ZS,2024-09-07,2025-10-30,2012-02-21,2014-02-20,Cancelled,2025-10-30,1
Client_150 Ltd,CL-150,Individual,SC-638,MBR-06452,UID-00006452,Lapsed,Cancelled,B,L17 6EW,2021-07-19,2025-04-04,2015-01-21,2018-10-10,Cancelled,2025-04-04,1
Client_151 Ltd,CL-151,SME,SC-827,MBR-06430,UID-00006430,Lapsed,Cancelled,F,SW10 9IY,2019-08-17,2025-10-30,2010-07-11,2017-04-06,Cancelled,2025-10-30,1
Client_152 Ltd,CL-152,Corporate,SC-585,MBR-03453,UID-00003453,Lapsed,Cancelled,F,NW19 5SN,2022-06-16,2025-10-30,2020-04-18,2022-04-15,Cancelled,2025-10-30,1
Client_152 Ltd,CL-152,Individual,SC-756,MBR-08100,UID-00008100,Lapsed,Cancelled,F,G18 8AX,2021-02-13,2025-06-06,2006-03-29,2012-05-26,Cancelled,2025-06-06,1
Client_153 Ltd,CL-153,SME,SC-870,MBR-00934,UID-00000934,Lapsed,Cancelled,F,EH12P 8PE,2019-04-17,2025-10-30,2016-10-03,2019-01-13,Cancelled,2025-10-30,1
Client_154 Ltd,CL-154,Corporate,SC-768,MBR-09326,UID-00009326,Lapsed,Cancelled,F,B14 6SJ,2015-03-20,2022-08-14,2001-03-07,2003-02-08,Cancelled,2022-08-14,1
Client_154 Ltd,CL-154,Corporate,SC-964,MBR-07929,UID-00007929,Lapsed,Cancelled,F,SW13 2PY,2018-01-30,2019-04-15,2015-06-23,2017-07-02,Cancelled,2019-04-15,1
Client_154 Ltd,CL-154,Individual,SC-173,MBR-06994,UID-00006994,Lapsed,Cancelled,M,CF20Z 2KW,2019-01-05,2025-10-30,2006-10-18,2018-02-11,Cancelled,2025-10-30,1
Client_155 Ltd,CL-155,Individual,SC-258,MBR-06808,UID-00006808,Lapsed,Cancelled,M,CF18G 6GD,2015-04-10,2017-06-16,2007-09-16,2014-07-24,Cancelled,2017-06-16,1
Client_156 Ltd,CL-156,Individual,SC-416,MBR-05504,UID-00005504,Lapsed,Cancelled,M,WC15 7XS,2024-01-02,2025-10-30,2016-03-25,2021-11-17,Cancelled,2025-10-30,1
Client_156 Ltd,CL-156,Individual,SC-606,MBR-07000,UID-00007000,Lapsed,Cancelled,F,W14 5HK,2018-04-03,2022-04-04,2014-11-29,2017-07-03,Cancelled,2022-04-04,1
Client_156 Ltd,CL-156,SME,SC-886,MBR-02460,UID-00002460,Lapsed,Cancelled,M,SE11 2AZ,2021-04-03,2025-10-30,2014-12-30,2018-01-31,Cancelled,2025-10-30,1
Client_157 Ltd,CL-157,Corporate,SC-724,MBR-03526,UID-00003526,Lapsed,Cancelled,M,EH17 6AI,2017-03-08,2025-10-30,2013-09-11,2014-10-31,Cancelled,2025-10-30,1
Client_157 Ltd,CL-157,Individual,SC-561,MBR-03277,UID-00003277,Lapsed,Cancelled,F,CF2 8GS,2017-04-12,2018-05-10,2003-02-11,2012-08-01,Cancelled,2018-05-10,1
Client_158 Ltd,CL-158,Corporate,SC-567,MBR-08261,UID-00008261,Lapsed,Cancelled,M,SW18 3FS,2020-02-28,2025-10-30,2014-11-19,2018-01-23,Cancelled,2025-10-30,1
Client_159 Ltd,CL-159,Family,SC-120,MBR-03821,UID-00003821,Lapsed,Cancelled,M,W13W 9NA,2023-11-27,2025-10-30,2013-09-20,2020-10-25,Cancelled,2025-10-30,1
Client_159 Ltd,CL-159,Family,SC-765,MBR-09007,UID-00009007,Lapsed,Cancelled,M,NW10 6TS,2017-03-10,2021-03-22,2016-03-10,2016-10-20,Cancelled,2021-03-22,1
Client_159 Ltd,CL-159,Individual,SC-719,MBR-03161,UID-00003161,Lapsed,Cancelled,M,EH12P 1LD,2016-09-01,2022-02-06,2008-07-19,2009-03-15,Cancelled,2022-02-06,1
Client_159 Ltd,CL-159,Individual,SC-748,MBR-01626,UID-00001626,Lapsed,Cancelled,F,BS16 5AV,2020-08-12,2025-10-30,2008-10-05,2012-06-27,Cancelled,2025-10-30,1
Client_160 Ltd,CL-160,Corporate,SC-342,MBR-00766,UID-00000766,Lapsed,Cancelled,F,EC17 9VN,2020-02-06,2022-05-30,2013-08-19,2019-01-14,Cancelled,2022-05-30,1
Client_160 Ltd,CL-160,Corporate,SC-700,MBR-02663,UID-00002663,Lapsed,Cancelled,M,EH5 4CT,2023-10-25,2024-12-10,2021-01-25,2022-03-18,Cancelled,2024-12-10,1
Client_162 Ltd,CL-162,Family,SC-223,MBR-08618,UID-00008618,Lapsed,Cancelled,M,BS7 7OY,2019-09-29,2025-05-13,2013-06-17,2016-12-03,Cancelled,2025-05-13,1
Client_162 Ltd,CL-162,Family,SC-793,MBR-07546,UID-00007546,Lapsed,Cancelled,M,N14 9DJ,2015-12-12,2019-02-06,2011-10-24,2013-07-06,Cancelled,2019-02-06,1
Client_163 Ltd,CL-163,Individual,SC-353,MBR-00194,UID-00000194,Lapsed,Cancelled,F,M7 8CV,2016-10-13,2025-06-01,2014-11-27,2015-03-05,Cancelled,2025-06-01,1
Client_164 Ltd,CL-164,Corporate,SC-281,MBR-08886,UID-00008886,Lapsed,Cancelled,F,NW19 7EJ,2018-05-09,2020-10-03,2016-01-06,2016-07-31,Cancelled,2020-10-03,1
Client_164 Ltd,CL-164,Family,SC-742,MBR-09153,UID-00009153,Lapsed,Cancelled,M,CF10 2UB,2021-05-14,2025-10-30,2006-09-22,2016-02-06,Cancelled,2025-10-30,1
Client_164 Ltd,CL-164,Individual,SC-858,MBR-05751,UID-00005751,Lapsed,Cancelled,M,NW13 4JP,2024-01-18,2025-10-30,2015-07-01,2023-09-13,Cancelled,2025-10-30,1
Client_164 Ltd,CL-164,SME,SC-408,MBR-02086,UID-00002086,Lapsed,Cancelled,M,M5 9OP,2024-04-06,2025-10-30,2010-07-08,2020-11-29,Cancelled,2025-10-30,1
Client_165 Ltd,CL-165,Family,SC-735,MBR-01196,UID-00001196,Lapsed,Cancelled,F,M13 7PQ,2019-05-26,2025-02-23,2014-11-06,2015-03-16,Cancelled,2025-02-23,1
Client_166 Ltd,CL-166,Corporate,SC-817,MBR-08896,UID-00008896,Lapsed,Cancelled,M,E11Z 4TA,2019-06-12,2021-10-02,2016-12-03,2017-11-07,Cancelled,2021-10-02,1
Client_166 Ltd,CL-166,Family,SC-377,MBR-08812,UID-00008812,Lapsed,Cancelled,M,G20P 8HZ,2017-11-26,2022-04-28,2011-02-04,2017-04-10,Cancelled,2022-04-28,1
Client_166 Ltd,CL-166,Family,SC-914,MBR-08284,UID-00008284,Lapsed,Cancelled,M,EH12Z 3SN,2019-05-30,2023-10-12,2016-09-18,2018-04-27,Cancelled,2023-10-12,1
Client_167 Ltd,CL-167,Corporate,SC-784,MBR-06854,UID-00006854,Lapsed,Cancelled,F,B12 4GY,2023-02-20,2025-10-30,2013-06-26,2015-08-30,Cancelled,2025-10-30,1
Client_167 Ltd,CL-167,Corporate,SC-992,MBR-01076,UID-00001076,Lapsed,Cancelled,M,WC3F 8UA,2022-11-29,2024-05-26,2021-07-29,2022-03-16,Cancelled,2024-05-26,1
Client_167 Ltd,CL-167,Family,SC-157,MBR-09788,UID-00009788,Lapsed,Cancelled,M,WC19 9CV,2024-12-21,2025-10-30,2015-11-29,2022-04-18,Cancelled,2025-10-30,1
Client_167 Ltd,CL-167,Individual,SC-368,MBR-06795,UID-00006795,Lapsed,Cancelled,M,EH18R 3AV,2022-06-24,2025-10-20,2011-06-17,2013-01-26,Cancelled,2025-10-20,1
Client_168 Ltd,CL-168,Corporate,SC-629,MBR-03948,UID-00003948,Lapsed,Cancelled,F,L17 6XQ,2019-09-26,2025-10-30,2010-02-08,2011-06-16,Cancelled,2025-10-30,1
Client_168 Ltd,CL-168,Corporate,SC-633,MBR-03861,UID-00003861,Lapsed,Cancelled,F,L12P 1YV,2016-07-16,2023-08-26,2011-07-22,2014-07-21,Cancelled,2023-08-26,1
Client_168 Ltd,CL-168,Corporate,SC-778,MBR-03597,UID-00003597,Lapsed,Cancelled,M,N13R 1MM,2024-08-17,2025-10-30,2011-11-15,2021-03-16,Cancelled,2025-10-30,1
Client_168 Ltd,CL-168,Individual,SC-543,MBR-06732,UID-00006732,Lapsed,Cancelled,M,N16 3WQ,2022-06-05,2024-12-22,2017-06-29,2019-11-30,Cancelled,2024-12-22,1
Client_169 Ltd,CL-169,Family,SC-372,MBR-00180,UID-00000180,Lapsed,Cancelled,M,BT2 3CJ,2018-05-30,2020-03-09,2015-07-26,2016-05-03,Cancelled,2020-03-09,1
Client_169 Ltd,CL-169,SME,SC-717,MBR-03891,UID-00003891,Lapsed,Cancelled,F,NW10U 6DJ,2018-08-20,2025-10-30,2005-08-27,2009-02-27,Cancelled,2025-10-30,1
Client_170 Ltd,CL-170,Corporate,SC-182,MBR-00462,UID-00000462,Lapsed,Cancelled,F,L20 7SD,2024-08-17,2025-10-30,2013-05-03,2024-08-07,Cancelled,2025-10-30,1
Client_170 Ltd,CL-170,Family,SC-440,MBR-02295,UID-00002295,Lapsed,Cancelled,M,L1 8LG,2018-03-15,2023-11-18,2010-08-17,2015-03-18,Cancelled,2023-11-18,1
Client_170 Ltd,CL-170,Family,SC-734,MBR-07253,UID-00007253,Lapsed,Cancelled,M,SE11 2NB,2021-02-06,2024-09-12,2012-01-31,2016-03-01,Cancelled,2024-09-12,1
Client_170 Ltd,CL-170,SME,SC-960,MBR-00006,UID-00000006,Lapsed,Cancelled,M,L4E 6LT,2015-05-18,2022-01-18,2010-03-19,2012-01-31,Cancelled,2022-01-18,1
Client_172 Ltd,CL-172,Family,SC-169,MBR-01828,UID-00001828,Lapsed,Cancelled,F,SW10V 1OJ,2022-05-25,2025-10-30,2009-08-07,2012-03-31,Cancelled,2025-10-30,1
Client_173 Ltd,CL-173,Family,SC-508,MBR-00725,UID-00000725,Lapsed,Cancelled,F,B10 5YO,2019-12-04,2023-08-11,2009-03-01,2019-10-27,Cancelled,2023-08-11,1
Client_174 Ltd,CL-174,Corporate,SC-473,MBR-02162,UID-00002162,Lapsed,Cancelled,F,M6Y 1TM,2021-11-09,2025-10-30,2009-04-04,2011-11-03,Cancelled,2025-10-30,1
Client_174 Ltd,CL-174,Family,SC-244,MBR-07719,UID-00007719,Lapsed,Cancelled,M,G2 4JP,2018-07-13,2023-06-09,2013-10-10,2015-08-14,Cancelled,2023-06-09,1
Client_175 Ltd,CL-175,Corporate,SC-137,MBR-04661,UID-00004661,Lapsed,Cancelled,M,SW10 1LX,2021-08-20,2025-10-30,2014-01-28,2015-01-28,Cancelled,2025-10-30,1
Client_176 Ltd,CL-176,Individual,SC-407,MBR-05392,UID-00005392,Lapsed,Cancelled,F,CF6 9RR,2024-10-29,2025-10-30,2022-07-21,2023-06-06,Cancelled,2025-10-30,1
Client_177 Ltd,CL-177,Corporate,SC-287,MBR-03664,UID-00003664,Lapsed,Cancelled,M,L14 2YC,2022-09-23,2025-10-30,2013-05-02,2019-08-16,Cancelled,2025-10-30,1
Client_177 Ltd,CL-177,Corporate,SC-820,MBR-06886,UID-00006886,Lapsed,Cancelled,F,WC9 4VB,2019-08-25,2024-10-04,2005-09-07,2013-01-12,Cancelled,2024-10-04,1
Client_177 Ltd,CL-177,Individual,SC-298,MBR-07255,UID-00007255,Lapsed,Cancelled,M,M15Q 6BI,2018-12-11,2025-05-03,2016-04-13,2017-12-09,Cancelled,2025-05-03,1
Client_178 Ltd,CL-178,Corporate,SC-101,MBR-00672,UID-00000672,Lapsed,Cancelled,F,EH6S 6HK,2018-08-02,2025-10-30,2011-10-09,2013-12-02,Cancelled,2025-10-30,1
Client_178 Ltd,CL-178,Corporate,SC-205,MBR-07214,UID-00007214,Lapsed,Cancelled,M,NW14 9GN,2019-05-27,2025-10-30,2012-04-16,2014-08-29,Cancelled,2025-10-30,1
Client_178 Ltd,CL-178,Corporate,SC-970,MBR-00750,UID-00000750,Lapsed,Cancelled,F,BT2X 6DW,2021-05-02,2025-10-30,2011-08-25,2021-01-08,Cancelled,2025-10-30,1
Client_178 Ltd,CL-178,Family,SC-234,MBR-04817,UID-00004817,Lapsed,Cancelled,F,L1 4KA,2019-11-12,2021-01-21,2009-08-13,2013-03-28,Cancelled,2021-01-21,1
Client_178 Ltd,CL-178,Individual,SC-860,MBR-09383,UID-00009383,Lapsed,Cancelled,F,SW4 9CE,2023-04-18,2025-04-17,2021-02-22,2022-07-14,Cancelled,2025-04-17,1
Client_179 Ltd,CL-179,SME,SC-665,MBR-09828,UID-00009828,Lapsed,Cancelled,F,SW3U 3IZ,2024-03-02,2025-10-30,2022-09-23,2023-03-28,Cancelled,2025-10-30,1
Client_180 Ltd,CL-180,Corporate,SC-245,MBR-03663,UID-00003663,Lapsed,Cancelled,M,N7 4QQ,2015-05-07,2021-01-22,2012-11-19,2014-01-03,Cancelled,2021-01-22,1
Client_181 Ltd,CL-181,Corporate,SC-401,MBR-08698,UID-00008698,Lapsed,Cancelled,F,CF10 3CJ,2023-03-14,2025-10-30,2009-09-12,2017-11-25,Cancelled,2025-10-30,1
Client_182 Ltd,CL-182,Corporate,SC-311,MBR-02854,UID-00002854,Lapsed,Cancelled,F,EC13 4QU,2022-11-03,2025-10-30,2021-03-12,2022-08-30,Cancelled,2025-10-30,1
Client_182 Ltd,CL-182,Family,SC-114,MBR-07102,UID-00007102,Lapsed,Cancelled,M,E20T 4BL,2022-09-26,2025-10-30,2015-05-31,2019-11-22,Cancelled,2025-10-30,1
Client_182 Ltd,CL-182,Individual,SC-795,MBR-05595,UID-00005595,Lapsed,Cancelled,M,WC20 3WK,2015-04-15,2020-01-13,2001-07-01,2011-12-27,Cancelled,2020-01-13,1
Client_182 Ltd,CL-182,SME,SC-725,MBR-08621,UID-00008621,Lapsed,Cancelled,B,E3G 5OI,2019-05-19,2025-10-30,2009-12-15,2011-03-05,Cancelled,2025-10-30,1
Client_183 Ltd,CL-183,Corporate,SC-360,MBR-03285,UID-00003285,Lapsed,Cancelled,M,EH10 2HD,2021-08-09,2025-10-30,2019-10-07,2020-12-28,Cancelled,2025-10-30,1
Client_184 Ltd,CL-184,Family,SC-347,MBR-01716,UID-00001716,Lapsed,Cancelled,B,CF20 6EZ,2022-10-22,2025-10-30,2009-07-11,2021-09-23,Cancelled,2025-10-30,1
Client_184 Ltd,CL-184,Individual,SC-526,MBR-05540,UID-00005540,Lapsed,Cancelled,M,SW11 2MB,2022-09-10,2023-09-23,2010-11-27,2011-09-14,Cancelled,2023-09-23,1
Client_185 Ltd,CL-185,Family,SC-229,MBR-04330,UID-00004330,Lapsed,Cancelled,F,BT19 4CE,2020-11-17,2025-10-30,2009-10-29,2020-08-08,Cancelled,2025-10-30,1
Client_185 Ltd,CL-185,Family,SC-747,MBR-07722,UID-00007722,Lapsed,Cancelled,F,EH11 9PK,2022-08-04,2025-10-30,2019-02-21,2020-06-06,Cancelled,2025-10-30,1
Client_185 Ltd,CL-185,Individual,SC-232,MBR-07695,UID-00007695,Lapsed,Cancelled,F,SW4 5DH,2015-02-21,2018-07-15,2002-07-05,2005-03-10,Cancelled,2018-07-15,1
Client_186 Ltd,CL-186,Corporate,SC-646,MBR-06088,UID-00006088,Lapsed,Cancelled,M,EC15R 4EB,2015-09-13,2017-09-30,2013-10-03,2013-12-05,Cancelled,2017-09-30,1
Client_186 Ltd,CL-186,Corporate,SC-999,MBR-03531,UID-00003531,Lapsed,Cancelled,M,L14G 8PP,2019-04-07,2025-10-30,2016-01-13,2017-01-29,Cancelled,2025-10-30,1
Client_186 Ltd,CL-186,SME,SC-412,MBR-01289,UID-00001289,Lapsed,Cancelled,M,NW3 7CM,2018-09-19,2023-10-07,2015-09-27,2016-08-23,Cancelled,2023-10-07,1
Client_187 Ltd,CL-187,Individual,SC-880,MBR-05455,UID-00005455,Lapsed,Cancelled,F,BT1 2KV,2018-05-23,2025-10-30,2014-11-11,2015-07-02,Cancelled,2025-10-30,1
Client_187 Ltd,CL-187,SME,SC-632,MBR-07360,UID-00007360,Lapsed,Cancelled,F,SW3 6JE,2024-12-30,2025-10-30,2012-07-16,2013-09-12,Cancelled,2025-10-30,1
Client_188 Ltd,CL-188,Family,SC-271,MBR-03369,UID-00003369,Lapsed,Cancelled,M,EC2 4CC,2021-11-17,2025-10-30,2015-12-20,2019-07-18,Cancelled,2025-10-30,1
Client_190 Ltd,CL-190,Corporate,SC-579,MBR-05464,UID-00005464,Lapsed,Cancelled,M,NW11U 6PX,2018-03-26,2022-03-01,2012-02-25,2012-08-23,Cancelled,2022-03-01,1
Client_192 Ltd,CL-192,Corporate,SC-953,MBR-05188,UID-00005188,Lapsed,Cancelled,M,L15T 2HH,2024-04-18,2025-10-30,2018-07-06,2019-01-31,Cancelled,2025-10-30,1
Client_192 Ltd,CL-192,Individual,SC-727,MBR-07920,UID-00007920,Lapsed,Cancelled,M,EC8 6QA,2018-04-26,2021-06-28,2003-07-24,2011-07-19,Cancelled,2021-06-28,1
Client_194 Ltd,CL-194,Corporate,SC-123,MBR-00469,UID-00000469,Lapsed,Cancelled,M,EC13 9UP,2020-11-17,2024-05-10,2018-01-12,2019-05-15,Cancelled,2024-05-10,1
Client_194 Ltd,CL-194,Corporate,SC-999,MBR-00333,UID-00000333,Lapsed,Cancelled,M,EH19A 6KV,2015-04-11,2022-04-10,2014-03-08,2015-01-21,Cancelled,2022-04-10,1
Client_194 Ltd,CL-194,Family,SC-970,MBR-08752,UID-00008752,Lapsed,Cancelled,M,NW13 7UD,2017-12-19,2022-05-17,2004-12-08,2005-02-17,Cancelled,2022-05-17,1
Client_195 Ltd,CL-195,Corporate,SC-396,MBR-07381,UID-00007381,Lapsed,Cancelled,M,E12 2VZ,2016-09-09,2025-10-01,2012-11-15,2013-04-22,Cancelled,2025-10-01,1
Client_195 Ltd,CL-195,Corporate,SC-521,MBR-04258,UID-00004258,Lapsed,Cancelled,M,G17 7FM,2019-11-10,2021-04-21,2009-07-19,2011-06-22,Cancelled,2021-04-21,1
Client_195 Ltd,CL-195,Family,SC-945,MBR-09374,UID-00009374,Lapsed,Cancelled,F,WC10 6HM,2016-05-15,2019-06-22,2003-03-01,2015-02-01,Cancelled,2019-06-22,1
Client_197 Ltd,CL-197,Family,SC-888,MBR-01988,UID-00001988,Lapsed,Cancelled,M,CF18 9ZB,2024-05-22,2025-10-30,2011-09-01,2015-11-24,Cancelled,2025-10-30,1
Client_197 Ltd,CL-197,Individual,SC-285,MBR-03202,UID-00003202,Lapsed,Cancelled,M,WC11 5AB,2024-04-03,2025-10-30,2012-04-22,2018-06-27,Cancelled,2025-10-30,1
Client_197 Ltd,CL-197,Individual,SC-555,MBR-05428,UID-00005428,Lapsed,Cancelled,M,EC11 1PQ,2021-03-20,2025-10-30,2014-09-28,2020-04-20,Cancelled,2025-10-30,1
Client_198 Ltd,CL-198,Individual,SC-382,MBR-04851,UID-00004851,Lapsed,Cancelled,F,WC8D 3GH,2023-09-14,2025-10-30,2010-12-09,2016-04-29,Cancelled,2025-10-30,1
Client_198 Ltd,CL-198,SME,SC-853,MBR-00912,UID-00000912,Lapsed,Cancelled,M,EH20 3WW,2018-07-15,2025-10-30,2017-07-02,2017-10-12,Cancelled,2025-10-30,1
Client_199 Ltd,CL-199,Corporate,SC-109,MBR-03475,UID-00003475,Lapsed,Cancelled,F,W5 4XO,2023-08-13,2025-10-30,2014-10-20,2021-05-26,Cancelled,2025-10-30,1
Client_199 Ltd,CL-199,Family,SC-119,MBR-01470,UID-00001470,Lapsed,Cancelled,F,BT15 2KG,2015-04-10,2024-07-17,2001-09-26,2002-07-15,Cancelled,2024-07-17,1
Client_199 Ltd,CL-199,Individual,SC-903,MBR-01786,UID-00001786,Lapsed,Cancelled,F,CF7R 9MD,2017-10-15,2021-11-02,2004-05-10,2015-01-26,Cancelled,2021-11-02,1
Client_200 Ltd,CL-200,Corporate,SC-632,MBR-01350,UID-00001350,Lapsed,Cancelled,M,N1U 5HY,2016-06-14,2024-10-15,2003-10-15,2006-04-27,Cancelled,2024-10-15,1
Client_200 Ltd,CL-200,Corporate,SC-939,MBR-09227,UID-00009227,Lapsed,Cancelled,M,SW1 5ZK,2023-07-11,2025-10-30,2012-04-12,2017-07-07,Cancelled,2025-10-30,1
Client_200 Ltd,CL-200,Family,SC-700,MBR-06210,UID-00006210,Lapsed,Cancelled,M,E9 7PC,2022-02-09,2025-10-30,2008-12-13,2009-03-12,Cancelled,2025-10-30,1
Client_200 Ltd,CL-200,SME,SC-533,MBR-08305,UID-00008305,Lapsed,Cancelled,M,EC11 9TA,2022-09-15,2025-10-30,2018-05-24,2019-08-30,Cancelled,2025-10-30,1
Client_200 Ltd,CL-200,SME,SC-957,MBR-03088,UID-00003088,Lapsed,Cancelled,M,CF17A 9DZ,2016-04-25,2021-03-26,2002-05-13,2013-11-14,Cancelled,2021-03-26,1
